-- phpMyAdmin SQL Dump
-- version 3.3.2deb1
-- http://www.phpmyadmin.net
--
-- Host: localhost
-- Generation Time: Feb 04, 2011 at 05:31 PM
-- Server version: 5.1.41
-- PHP Version: 5.3.2-1ubuntu4.2

SET SQL_MODE="NO_AUTO_VALUE_ON_ZERO";


/*!40101 SET @OLD_CHARACTER_SET_CLIENT=@@CHARACTER_SET_CLIENT */;
/*!40101 SET @OLD_CHARACTER_SET_RESULTS=@@CHARACTER_SET_RESULTS */;
/*!40101 SET @OLD_COLLATION_CONNECTION=@@COLLATION_CONNECTION */;
/*!40101 SET NAMES utf8 */;

--
-- Database: `tokobaju`
--

-- --------------------------------------------------------

--
-- Table structure for table `agen`
--

CREATE TABLE IF NOT EXISTS `agen` (
  `id` int(11) NOT NULL AUTO_INCREMENT,
  `kode` varchar(50) NOT NULL,
  `nama` varchar(50) NOT NULL,
  `hp` varchar(50) NOT NULL,
  `alamat` tinytext NOT NULL,
  `diskon` decimal(10,5) NOT NULL,
  `keterangan` tinytext NOT NULL,
  PRIMARY KEY (`id`),
  UNIQUE KEY `nama` (`nama`)
) ENGINE=MyISAM  DEFAULT CHARSET=latin1 AUTO_INCREMENT=3 ;

--
-- Dumping data for table `agen`
--

INSERT INTO `agen` (`id`, `kode`, `nama`, `hp`, `alamat`, `diskon`, `keterangan`) VALUES
(1, 'X0097', 'Arief', '0856890004', 'Kp geledug RT sekian RW sekian', '30.00000', 'Dia suka sekali belanja dalam jumlah banyak'),
(2, 'X0909', 'Abrar', '', '', '20.00000', 'ksdf');

-- --------------------------------------------------------

--
-- Table structure for table `ci_sessions`
--

CREATE TABLE IF NOT EXISTS `ci_sessions` (
  `session_id` varchar(40) NOT NULL DEFAULT '0',
  `ip_address` varchar(16) NOT NULL DEFAULT '0',
  `user_agent` varchar(50) NOT NULL,
  `last_activity` int(10) unsigned NOT NULL DEFAULT '0',
  `user_data` text NOT NULL,
  PRIMARY KEY (`session_id`)
) ENGINE=MyISAM DEFAULT CHARSET=latin1;

--
-- Dumping data for table `ci_sessions`
--

INSERT INTO `ci_sessions` (`session_id`, `ip_address`, `user_agent`, `last_activity`, `user_data`) VALUES
('ba3eba7c5ec8723a210d07ed3356e97a', '127.0.0.1', 'Mozilla/5.0 (X11; U; Linux i686; en-US; rv:1.9.2.3', 1296811947, 'a:1:{s:9:"transaksi";s:14:"retur_konsumen";}'),
('ab950419f85f91a24b8cd515f10cef74', '127.0.0.1', 'Mozilla/5.0 (X11; U; Linux i686; en-US; rv:1.9.2.3', 1296814063, 'a:2:{s:9:"transaksi";s:15:"reject_konsumen";s:6:"metode";s:1:"1";}'),
('22bdad08198162e158ebc7de067612bc', '127.0.0.1', 'Mozilla/5.0 (X11; U; Linux i686; en-US; rv:1.9.2.3', 1296815121, 'a:3:{s:9:"transaksi";s:11:"reject_agen";s:6:"metode";s:1:"1";s:10:"pembayaran";s:1:"1";}');

-- --------------------------------------------------------

--
-- Table structure for table `merek`
--

CREATE TABLE IF NOT EXISTS `merek` (
  `id` int(11) NOT NULL AUTO_INCREMENT,
  `nama` varchar(100) DEFAULT NULL,
  `keterangan` tinytext NOT NULL,
  PRIMARY KEY (`id`)
) ENGINE=MyISAM  DEFAULT CHARSET=latin1 AUTO_INCREMENT=7 ;

--
-- Dumping data for table `merek`
--

INSERT INTO `merek` (`id`, `nama`, `keterangan`) VALUES
(1, 'Qirani', 'Arief Hidayatulloh'),
(2, 'Nevada', 'Ini Ketarangan Nevada'),
(3, 'Bonanze', 'Ini keterangan Bonanze'),
(4, 'Coffe Park', 'Ini ketarangan Coffe Park'),
(5, 'Hugo', 'Ini keterangan Hugo'),
(6, 'Jakie Clothe', 'Merek yang sangat bagus');

-- --------------------------------------------------------

--
-- Table structure for table `metode_pembayaran`
--

CREATE TABLE IF NOT EXISTS `metode_pembayaran` (
  `id` int(11) NOT NULL AUTO_INCREMENT,
  `nama` varchar(50) NOT NULL,
  PRIMARY KEY (`id`)
) ENGINE=MyISAM  DEFAULT CHARSET=latin1 AUTO_INCREMENT=4 ;

--
-- Dumping data for table `metode_pembayaran`
--

INSERT INTO `metode_pembayaran` (`id`, `nama`) VALUES
(1, 'Cash'),
(2, 'EDC'),
(3, 'Transfer');

-- --------------------------------------------------------

--
-- Table structure for table `model`
--

CREATE TABLE IF NOT EXISTS `model` (
  `id` int(11) NOT NULL AUTO_INCREMENT,
  `nama` varchar(100) NOT NULL,
  `merek` int(11) NOT NULL,
  `keterangan` tinytext NOT NULL,
  PRIMARY KEY (`id`)
) ENGINE=MyISAM  DEFAULT CHARSET=latin1 AUTO_INCREMENT=11 ;

--
-- Dumping data for table `model`
--

INSERT INTO `model` (`id`, `nama`, `merek`, `keterangan`) VALUES
(1, 'Sunny Monday', 1, 'Sunny Monday itu model yang bagus'),
(2, 'Sweater Nice Party', 4, 'lumayan bagus'),
(3, 'QGood', 1, 'model yang baguss'),
(4, 'Clening', 3, 'kerenns'),
(5, 'Markotop', 5, 'Ni dari nevadas'),
(6, 'J-Holiday', 6, 'Good'),
(7, 'J-Party', 6, 'good design'),
(8, 'Nevada-Gurun', 2, ''),
(9, 'Joninshu', 5, ''),
(10, 'QD001', 1, '');

-- --------------------------------------------------------

--
-- Table structure for table `order`
--

CREATE TABLE IF NOT EXISTS `order` (
  `id` int(11) NOT NULL AUTO_INCREMENT,
  `tanggal` datetime NOT NULL,
  `total` decimal(12,4) NOT NULL,
  `jenis` enum('transaksi_konsumen','transaksi_agen','retur_konsumen','retur_agen','reject_konsumen','reject_agen') NOT NULL,
  `lunas` tinyint(1) NOT NULL,
  PRIMARY KEY (`id`)
) ENGINE=MyISAM  DEFAULT CHARSET=latin1 AUTO_INCREMENT=43 ;

--
-- Dumping data for table `order`
--

INSERT INTO `order` (`id`, `tanggal`, `total`, `jenis`, `lunas`) VALUES
(1, '2011-02-01 22:03:19', '80000.0000', '', 1),
(2, '2011-02-01 22:05:15', '96000.0000', '', 1),
(3, '2011-02-02 09:19:37', '1427200.0000', '', 1),
(4, '2011-02-02 09:27:55', '28000.0000', '', 2),
(5, '2011-02-02 10:13:45', '0.0000', '', 1),
(6, '2011-02-02 10:13:49', '0.0000', '', 1),
(7, '2011-02-02 14:01:17', '1600000.0000', '', 1),
(8, '2011-02-02 14:01:46', '1600000.0000', '', 1),
(9, '2011-02-02 14:04:37', '1600000.0000', '', 1),
(10, '2011-02-02 14:12:01', '1600000.0000', '', 1),
(11, '2011-02-02 14:33:45', '420000.0000', '', 1),
(12, '2011-02-02 14:34:49', '1600000.0000', '', 1),
(13, '2011-02-02 14:47:10', '1810000.0000', '', 1),
(14, '2011-02-02 14:47:58', '1810000.0000', '', 1),
(15, '2011-02-02 14:48:52', '1700000.0000', '', 1),
(16, '2011-02-02 14:54:58', '42000.0000', '', 1),
(17, '2011-02-02 15:02:16', '800000.0000', '', 1),
(18, '2011-02-02 15:09:00', '400000.0000', '', 1),
(19, '2011-02-02 15:11:09', '42000.0000', '', 1),
(20, '2011-02-02 15:20:26', '332000.0000', '', 1),
(21, '2011-02-02 15:23:44', '40000.0000', '', 1),
(22, '2011-02-02 15:26:50', '1580000.0000', '', 1),
(23, '2011-02-02 16:50:57', '340000.0000', '', 1),
(24, '2011-02-02 16:53:35', '40000.0000', '', 1),
(25, '2011-02-02 16:55:02', '196000.0000', '', 1),
(26, '2011-02-02 16:58:37', '1310000.0000', '', 1),
(27, '2011-02-02 17:07:51', '120000.0000', '', 1),
(28, '2011-02-02 17:13:19', '294000.0000', '', 1),
(29, '2011-02-02 17:14:15', '420000.0000', '', 1),
(30, '2011-02-02 17:15:10', '464000.0000', '', 1),
(31, '2011-02-02 17:18:00', '264600.0000', '', 1),
(32, '2011-02-02 17:21:08', '238000.0000', '', 1),
(33, '2011-02-02 17:27:31', '224000.0000', '', 1),
(34, '2011-02-02 18:06:17', '112000.0000', '', 1),
(35, '2011-02-04 16:51:48', '100000.0000', 'retur_konsumen', 0),
(36, '2011-02-04 16:55:07', '800000.0000', 'retur_konsumen', 0),
(37, '2011-02-04 16:57:28', '300000.0000', 'retur_konsumen', 0),
(38, '2011-02-04 16:58:19', '340000.0000', 'transaksi_konsumen', 1),
(39, '2011-02-04 17:08:37', '9.0000', 'reject_konsumen', 0),
(40, '2011-02-04 17:20:30', '20000.0000', 'retur_agen', 0),
(41, '2011-02-04 17:21:17', '16.0000', 'retur_agen', 0),
(42, '2011-02-04 17:23:59', '10000.0000', 'reject_agen', 0);

-- --------------------------------------------------------

--
-- Table structure for table `pembayaran`
--

CREATE TABLE IF NOT EXISTS `pembayaran` (
  `id` int(11) NOT NULL AUTO_INCREMENT,
  `tanggal` datetime NOT NULL,
  `order` int(11) NOT NULL,
  `jumlah` decimal(12,4) NOT NULL,
  `metode` int(11) NOT NULL,
  PRIMARY KEY (`id`)
) ENGINE=MyISAM  DEFAULT CHARSET=latin1 AUTO_INCREMENT=36 ;

--
-- Dumping data for table `pembayaran`
--

INSERT INTO `pembayaran` (`id`, `tanggal`, `order`, `jumlah`, `metode`) VALUES
(1, '2011-02-01 22:03:19', 1, '80000.0000', 3),
(2, '2011-02-01 22:05:15', 2, '96000.0000', 1),
(3, '2011-02-02 09:19:37', 3, '1427200.0000', 3),
(4, '2011-02-02 09:27:55', 4, '10000.0000', 3),
(5, '2011-02-02 10:13:45', 5, '0.0000', 1),
(6, '2011-02-02 10:13:49', 6, '0.0000', 1),
(7, '2011-02-02 14:01:17', 7, '1600000.0000', 1),
(8, '2011-02-02 14:01:46', 8, '1600000.0000', 1),
(9, '2011-02-02 14:04:37', 9, '1600000.0000', 1),
(10, '2011-02-02 14:12:01', 10, '1600000.0000', 1),
(11, '2011-02-02 14:33:45', 11, '420000.0000', 1),
(12, '2011-02-02 14:34:49', 12, '1600000.0000', 1),
(13, '2011-02-02 14:47:10', 13, '1810000.0000', 1),
(14, '2011-02-02 14:47:58', 14, '1810000.0000', 1),
(15, '2011-02-02 14:48:52', 15, '1700000.0000', 1),
(16, '2011-02-02 14:54:58', 16, '42000.0000', 1),
(17, '2011-02-02 15:02:16', 17, '800000.0000', 1),
(18, '2011-02-02 15:09:00', 18, '400000.0000', 1),
(19, '2011-02-02 15:11:09', 19, '42000.0000', 1),
(20, '2011-02-02 15:20:26', 20, '332000.0000', 2),
(21, '2011-02-02 15:23:44', 21, '40000.0000', 3),
(22, '2011-02-02 15:26:50', 22, '1580000.0000', 1),
(23, '2011-02-02 16:50:57', 23, '340000.0000', 1),
(24, '2011-02-02 16:53:35', 24, '40000.0000', 1),
(25, '2011-02-02 16:55:02', 25, '196000.0000', 1),
(26, '2011-02-02 16:58:37', 26, '1310000.0000', 2),
(27, '2011-02-02 17:07:51', 27, '120000.0000', 2),
(28, '2011-02-02 17:13:19', 28, '294000.0000', 2),
(29, '2011-02-02 17:14:15', 29, '420000.0000', 2),
(30, '2011-02-02 17:15:10', 30, '464000.0000', 3),
(31, '2011-02-02 17:18:00', 31, '264600.0000', 1),
(32, '2011-02-02 17:21:08', 32, '238000.0000', 2),
(33, '2011-02-02 17:27:31', 33, '224000.0000', 3),
(34, '2011-02-02 18:06:17', 34, '112000.0000', 2),
(35, '2011-02-04 16:58:19', 38, '340000.0000', 2);

-- --------------------------------------------------------

--
-- Table structure for table `poin_agen`
--

CREATE TABLE IF NOT EXISTS `poin_agen` (
  `id` int(11) NOT NULL AUTO_INCREMENT,
  `tanggal` datetime NOT NULL,
  `agen` int(11) NOT NULL,
  `order` int(11) NOT NULL,
  `poin` int(11) NOT NULL,
  PRIMARY KEY (`id`)
) ENGINE=MyISAM  DEFAULT CHARSET=latin1 AUTO_INCREMENT=3 ;

--
-- Dumping data for table `poin_agen`
--

INSERT INTO `poin_agen` (`id`, `tanggal`, `agen`, `order`, `poin`) VALUES
(1, '2011-02-02 09:19:37', 2, 3, 1),
(2, '2011-02-02 09:27:55', 1, 4, 2);

-- --------------------------------------------------------

--
-- Table structure for table `produk`
--

CREATE TABLE IF NOT EXISTS `produk` (
  `id` int(11) NOT NULL AUTO_INCREMENT,
  `model` int(11) NOT NULL,
  `ukuran` int(11) NOT NULL,
  `warna` int(11) NOT NULL,
  `stok` int(11) NOT NULL,
  `harga_beli` decimal(12,4) NOT NULL,
  `harga_jual` decimal(12,4) NOT NULL,
  `keterangan` tinytext NOT NULL,
  PRIMARY KEY (`id`)
) ENGINE=MyISAM  DEFAULT CHARSET=latin1 AUTO_INCREMENT=39 ;

--
-- Dumping data for table `produk`
--

INSERT INTO `produk` (`id`, `model`, `ukuran`, `warna`, `stok`, `harga_beli`, `harga_jual`, `keterangan`) VALUES
(1, 1, 1, 1, 9, '12000.0000', '26000.0000', ''),
(2, 1, 1, 2, 13, '12000.0000', '26000.0000', ''),
(3, 1, 1, 3, 7, '12000.0000', '26000.0000', ''),
(4, 1, 1, 4, 20, '12000.0000', '26000.0000', ''),
(25, 2, 3, 2, 20, '63000.0000', '150000.0000', ''),
(6, 1, 2, 2, 30, '12000.0000', '26000.0000', ''),
(7, 1, 2, 3, 20, '12000.0000', '26000.0000', ''),
(8, 1, 2, 4, 20, '12000.0000', '26000.0000', ''),
(9, 2, 1, 2, 22, '60000.0000', '150000.0000', ''),
(10, 2, 2, 2, 20, '61000.0000', '153000.0000', ''),
(11, 2, 2, 4, 4, '63000.0000', '160000.0000', ''),
(32, 4, 1, 3, 50, '15000.0000', '40000.0000', ''),
(31, 3, 1, 4, 20, '26000.0000', '56000.0000', ''),
(14, 3, 2, 1, 22, '26000.0000', '56000.0000', ''),
(30, 3, 1, 4, 20, '26000.0000', '56000.0000', ''),
(16, 3, 2, 2, 30, '26000.0000', '56000.0000', ''),
(17, 3, 2, 4, 20, '26000.0000', '56000.0000', ''),
(18, 3, 1, 1, 19, '26000.0000', '56000.0000', ''),
(19, 3, 1, 4, 20, '26000.0000', '56000.0000', ''),
(20, 3, 3, 4, 10, '17000.0000', '30000.0000', 'produk yang baik'),
(21, 1, 5, 3, 70, '17000.0000', '40000.0000', 'testing'),
(22, 6, 1, 3, 120, '11000.0000', '28000.0000', ''),
(23, 8, 1, 5, 3, '0.0000', '40000.0000', ''),
(24, 2, 3, 1, 22, '62000.0000', '170000.0000', ''),
(26, 9, 3, 1, 10, '15000.0000', '40000.0000', ''),
(27, 9, 1, 1, 3, '15400.0000', '42000.0000', ''),
(28, 9, 2, 1, 50, '15000.0000', '42000.0000', ''),
(33, 3, 1, 4, 20, '26000.0000', '56000.0000', ''),
(34, 4, 2, 3, 87, '15200.0000', '42000.0000', ''),
(35, 4, 3, 3, 81, '15200.0000', '42000.0000', ''),
(36, 4, 4, 3, 40, '15300.0000', '42000.0000', ''),
(37, 3, 1, 4, 20, '26000.0000', '56000.0000', ''),
(38, 2, 2, 1, -40, '0.0000', '160000.0000', '');

-- --------------------------------------------------------

--
-- Table structure for table `record_stok`
--

CREATE TABLE IF NOT EXISTS `record_stok` (
  `id` int(11) NOT NULL AUTO_INCREMENT,
  `tanggal` datetime NOT NULL,
  `produk` int(11) NOT NULL,
  `jumlah` int(11) NOT NULL,
  `stok_akhir` int(11) NOT NULL,
  `jenis` enum('konsumen','agen','tambah','retur_agen','retur_konsumen','retur_pabrik','reject_agen','reject_konsumen','reject_pabrik','kehilangan') NOT NULL,
  PRIMARY KEY (`id`)
) ENGINE=MyISAM  DEFAULT CHARSET=latin1 AUTO_INCREMENT=164 ;

--
-- Dumping data for table `record_stok`
--

INSERT INTO `record_stok` (`id`, `tanggal`, `produk`, `jumlah`, `stok_akhir`, `jenis`) VALUES
(1, '2010-12-26 10:06:27', 1, 20, 20, 'tambah'),
(2, '2010-12-26 10:06:59', 2, 20, 20, 'tambah'),
(3, '2010-12-26 10:07:05', 3, 20, 20, 'tambah'),
(4, '2010-12-26 10:07:10', 4, 20, 20, 'tambah'),
(41, '2010-12-29 16:17:03', 25, 30, 30, 'tambah'),
(6, '2010-12-26 10:07:31', 6, 20, 20, 'tambah'),
(7, '2010-12-26 10:07:36', 7, 20, 20, 'tambah'),
(8, '2010-12-26 10:07:41', 8, 20, 20, 'tambah'),
(9, '2010-12-26 10:08:10', 9, 20, 20, 'tambah'),
(10, '2010-12-26 10:08:27', 10, 20, 20, 'tambah'),
(11, '2010-12-26 10:08:41', 11, 20, 20, 'tambah'),
(12, '2010-12-26 10:10:09', 1, -2, 18, 'konsumen'),
(13, '2010-12-26 10:10:09', 2, -2, 18, 'konsumen'),
(14, '2010-12-26 10:10:09', 3, -1, 19, 'konsumen'),
(15, '2010-12-26 10:10:09', 11, -2, 18, 'konsumen'),
(16, '2010-12-26 10:13:26', 1, 2, 20, 'konsumen'),
(17, '2010-12-26 10:16:03', 2, 2, 20, 'retur_konsumen'),
(18, '2010-12-26 10:32:03', 1, -5, 15, 'agen'),
(19, '2010-12-26 10:32:03', 2, -5, 15, 'agen'),
(20, '2010-12-26 10:32:03', 3, -5, 14, 'agen'),
(21, '2010-12-26 10:52:35', 1, 2, 17, 'retur_agen'),
(22, '2010-12-26 11:07:40', 1, 2, 19, 'reject_agen'),
(23, '2010-12-26 11:11:38', 11, 1, 19, 'reject_konsumen'),
(24, '2010-12-26 11:35:57', 11, -2, 17, 'kehilangan'),
(25, '2010-12-26 11:37:57', 11, 2, 19, 'reject_konsumen'),
(26, '2010-12-26 11:38:53', 11, 2, 21, 'reject_agen'),
(27, '2010-12-26 11:40:07', 3, 1, 15, 'reject_agen'),
(28, '2010-12-26 11:40:36', 3, 2, 17, 'reject_agen'),
(48, '2010-12-30 08:53:58', 27, -2, 38, 'konsumen'),
(47, '2010-12-30 06:56:25', 30, 20, 20, 'tambah'),
(31, '2010-12-27 08:29:13', 14, 20, 20, 'tambah'),
(46, '2010-12-29 21:44:34', 6, 10, 30, 'tambah'),
(33, '2010-12-27 08:29:27', 16, 20, 20, 'tambah'),
(34, '2010-12-27 08:29:34', 17, 20, 20, 'tambah'),
(35, '2010-12-27 08:29:44', 18, 20, 20, 'tambah'),
(36, '2010-12-27 08:29:57', 19, 20, 20, 'tambah'),
(37, '2010-12-28 22:13:17', 21, 90, 90, 'tambah'),
(38, '2010-12-29 05:20:26', 22, 100, 100, 'tambah'),
(39, '2010-12-29 06:33:20', 23, 10, 10, 'tambah'),
(40, '2010-12-29 06:50:36', 24, 50, 50, 'tambah'),
(42, '2010-12-29 16:21:36', 26, 30, 30, 'tambah'),
(43, '2010-12-29 16:22:14', 27, 40, 40, 'tambah'),
(44, '2010-12-29 16:23:10', 28, 50, 50, 'tambah'),
(49, '2010-12-30 08:53:58', 24, -1, 49, 'konsumen'),
(50, '2010-12-30 08:54:27', 27, -2, 36, 'konsumen'),
(51, '2010-12-30 08:54:27', 24, -1, 48, 'konsumen'),
(52, '2010-12-30 08:55:06', 27, -2, 34, 'konsumen'),
(53, '2010-12-30 08:55:06', 24, -1, 47, 'konsumen'),
(54, '2010-12-30 08:56:06', 27, -2, 32, 'konsumen'),
(55, '2010-12-30 08:56:06', 24, -1, 46, 'konsumen'),
(56, '2010-12-30 08:56:16', 27, -2, 30, 'konsumen'),
(57, '2010-12-30 08:56:16', 24, -1, 45, 'konsumen'),
(58, '2010-12-30 08:57:28', 27, -2, 28, 'konsumen'),
(59, '2010-12-30 08:57:28', 24, -1, 44, 'konsumen'),
(60, '2010-12-30 08:57:36', 27, -2, 26, 'konsumen'),
(61, '2010-12-30 08:57:36', 24, -1, 43, 'konsumen'),
(62, '2010-12-30 08:57:59', 27, -2, 24, 'konsumen'),
(63, '2010-12-30 08:57:59', 24, -1, 42, 'konsumen'),
(64, '2010-12-30 08:58:01', 27, -2, 22, 'konsumen'),
(65, '2010-12-30 08:58:01', 24, -1, 41, 'konsumen'),
(66, '2010-12-30 08:58:03', 27, -2, 20, 'konsumen'),
(67, '2010-12-30 08:58:03', 24, -1, 40, 'konsumen'),
(68, '2010-12-30 09:02:58', 27, -2, 18, 'konsumen'),
(69, '2010-12-30 09:02:58', 24, -1, 39, 'konsumen'),
(70, '2010-12-31 05:26:19', 22, -1, 99, 'agen'),
(71, '2010-12-31 06:30:25', 11, -1, 20, 'konsumen'),
(72, '2010-12-31 06:40:03', 11, 1, 21, 'retur_konsumen'),
(73, '2010-12-31 07:32:16', 11, -1, 20, 'agen'),
(74, '2010-12-31 07:34:34', 11, -1, 19, 'agen'),
(75, '2010-12-31 07:45:20', 11, 1, 20, 'retur_agen'),
(76, '2010-12-31 07:51:06', 11, -1, 19, 'agen'),
(77, '2010-12-31 08:56:30', 14, -2, 18, 'agen'),
(78, '2010-12-31 09:02:30', 14, 2, 20, 'retur_konsumen'),
(79, '2010-12-31 09:04:11', 14, 2, 22, 'reject_agen'),
(80, '2010-12-31 09:13:58', 14, -2, 20, 'konsumen'),
(81, '2010-12-31 09:14:52', 14, 2, 22, 'reject_konsumen'),
(82, '2011-01-01 20:07:02', 31, 20, 20, 'tambah'),
(83, '2011-01-02 05:40:11', 32, 100, 100, 'tambah'),
(84, '2011-01-04 19:22:29', 33, 20, 20, 'tambah'),
(85, '2011-01-04 19:24:31', 11, -2, 17, 'konsumen'),
(86, '2011-01-04 19:24:31', 23, -2, 8, 'konsumen'),
(87, '2011-01-05 04:59:49', 34, 100, 100, 'tambah'),
(88, '2011-01-05 05:01:55', 35, 100, 100, 'tambah'),
(89, '2011-01-05 05:02:56', 36, 70, 70, 'tambah'),
(90, '2011-01-05 22:30:48', 37, 20, 20, 'tambah'),
(91, '2011-01-05 22:33:27', 32, -33, 67, 'konsumen'),
(92, '2011-01-07 06:32:30', 24, -1, 38, 'konsumen'),
(93, '2011-01-07 16:29:40', 24, -2, 36, 'konsumen'),
(94, '2011-01-07 16:29:40', 18, -1, 19, 'konsumen'),
(95, '2011-01-07 16:31:21', 32, -1, 66, 'agen'),
(96, '2011-01-07 16:46:04', 9, 2, 22, 'retur_konsumen'),
(97, '2011-01-07 16:49:02', 38, 30, 30, 'tambah'),
(98, '2011-01-07 18:35:13', 32, -1, 65, 'konsumen'),
(99, '2011-01-07 18:35:13', 26, -2, 28, 'konsumen'),
(100, '2011-01-25 06:49:54', 32, 1, 66, 'reject_konsumen'),
(101, '2011-01-30 05:40:52', 32, -3, 63, 'konsumen'),
(102, '2011-01-31 07:06:10', 32, -1, 62, 'konsumen'),
(103, '2011-02-01 17:59:57', 32, -2, 60, 'konsumen'),
(104, '2011-02-01 18:07:05', 32, -2, 58, 'kehilangan'),
(105, '2011-02-01 22:03:19', 32, -1, 57, 'konsumen'),
(106, '2011-02-01 22:03:19', 26, -1, 27, 'konsumen'),
(107, '2011-02-01 22:05:15', 22, -2, 97, 'konsumen'),
(108, '2011-02-01 22:05:15', 23, -1, 7, 'konsumen'),
(109, '2011-02-01 23:22:54', 32, -1, 56, 'agen'),
(110, '2011-02-02 07:17:13', 11, -2, 15, 'agen'),
(111, '2011-02-02 07:36:48', 32, -2, 54, 'agen'),
(112, '2011-02-02 07:37:07', 32, -1, 53, 'agen'),
(113, '2011-02-02 07:39:14', 32, -1, 52, 'agen'),
(114, '2011-02-02 09:19:37', 11, -2, 13, 'agen'),
(115, '2011-02-02 09:19:37', 34, -2, 98, 'agen'),
(116, '2011-02-02 09:19:37', 26, -3, 24, 'agen'),
(117, '2011-02-02 09:19:37', 36, -30, 40, 'agen'),
(118, '2011-02-02 09:27:55', 32, -1, 51, 'agen'),
(119, '2011-02-02 14:01:18', 38, -10, 20, 'konsumen'),
(120, '2011-02-02 14:01:46', 38, -10, 10, 'konsumen'),
(121, '2011-02-02 14:04:37', 38, -10, 0, 'konsumen'),
(122, '2011-02-02 14:12:01', 38, -10, -10, 'konsumen'),
(123, '2011-02-02 14:33:45', 34, -10, 88, 'konsumen'),
(124, '2011-02-02 14:34:49', 38, -10, -20, 'konsumen'),
(125, '2011-02-02 14:47:10', 38, -10, -30, 'konsumen'),
(126, '2011-02-02 14:47:10', 27, -5, 13, 'konsumen'),
(127, '2011-02-02 14:47:58', 38, -10, -40, 'konsumen'),
(128, '2011-02-02 14:47:58', 27, -5, 8, 'konsumen'),
(129, '2011-02-02 14:48:52', 24, -10, 26, 'konsumen'),
(130, '2011-02-02 14:54:58', 27, -1, 7, 'konsumen'),
(131, '2011-02-02 15:02:16', 11, -5, 8, 'konsumen'),
(132, '2011-02-02 15:09:00', 26, -10, 14, 'konsumen'),
(133, '2011-02-02 15:11:09', 34, -1, 87, 'konsumen'),
(134, '2011-02-02 15:20:26', 22, -10, 87, 'konsumen'),
(135, '2011-02-02 15:20:26', 2, -2, 13, 'konsumen'),
(136, '2011-02-02 15:23:44', 23, -1, 6, 'konsumen'),
(137, '2011-02-02 15:26:50', 25, -10, 20, 'konsumen'),
(138, '2011-02-02 15:26:50', 23, -2, 4, 'konsumen'),
(139, '2011-02-02 16:50:57', 24, -2, 24, 'konsumen'),
(140, '2011-02-02 16:53:35', 32, -1, 50, 'konsumen'),
(141, '2011-02-02 16:55:02', 22, -7, 80, 'konsumen'),
(142, '2011-02-02 16:58:37', 27, -5, 2, 'konsumen'),
(143, '2011-02-02 16:58:37', 23, -1, 3, 'konsumen'),
(144, '2011-02-02 16:58:37', 21, -20, 70, 'konsumen'),
(145, '2011-02-02 16:58:37', 3, -10, 7, 'konsumen'),
(146, '2011-02-02 17:07:51', 23, -3, 0, 'konsumen'),
(147, '2011-02-02 17:13:19', 11, -1, 7, 'agen'),
(148, '2011-02-02 17:13:19', 1, -10, 9, 'agen'),
(149, '2011-02-02 17:14:15', 35, -10, 90, 'konsumen'),
(150, '2011-02-02 17:15:10', 35, -10, 80, 'agen'),
(151, '2011-02-02 17:15:10', 26, -4, 10, 'agen'),
(152, '2011-02-02 17:18:00', 35, -9, 71, 'agen'),
(153, '2011-02-02 17:21:08', 24, -2, 22, 'agen'),
(154, '2011-02-02 17:27:31', 11, -2, 5, 'agen'),
(155, '2011-02-02 18:06:17', 11, -1, 4, 'agen'),
(156, '2011-02-04 16:51:48', 35, 10, 81, 'retur_konsumen'),
(157, '2011-02-04 16:55:07', 22, 40, 120, 'retur_konsumen'),
(158, '2011-02-04 16:57:28', 16, 10, 30, 'retur_konsumen'),
(159, '2011-02-04 16:58:19', 24, -2, 20, 'konsumen'),
(160, '2011-02-04 17:08:37', 27, 1, 3, 'reject_konsumen'),
(161, '2011-02-04 17:20:30', 24, 2, 22, 'retur_agen'),
(162, '2011-02-04 17:21:17', 23, 2, 2, 'retur_agen'),
(163, '2011-02-04 17:23:59', 23, 1, 3, 'reject_agen');

-- --------------------------------------------------------

--
-- Table structure for table `setting`
--

CREATE TABLE IF NOT EXISTS `setting` (
  `item` varchar(255) NOT NULL,
  `value` tinytext NOT NULL
) ENGINE=MyISAM DEFAULT CHARSET=latin1;

--
-- Dumping data for table `setting`
--

INSERT INTO `setting` (`item`, `value`) VALUES
('admin_username', 'admin'),
('admin_password', '81dc9bdb52d04dc20036dbd8313ed055');

-- --------------------------------------------------------

--
-- Table structure for table `transaksi_agen`
--

CREATE TABLE IF NOT EXISTS `transaksi_agen` (
  `id` int(11) NOT NULL AUTO_INCREMENT,
  `tanggal` datetime NOT NULL,
  `agen` int(11) NOT NULL,
  `produk` int(11) NOT NULL,
  `jumlah` int(11) NOT NULL,
  `harga` decimal(12,4) NOT NULL,
  `keuntungan` decimal(12,4) NOT NULL,
  `order` int(11) NOT NULL,
  PRIMARY KEY (`id`)
) ENGINE=MyISAM  DEFAULT CHARSET=latin1 AUTO_INCREMENT=28 ;

--
-- Dumping data for table `transaksi_agen`
--

INSERT INTO `transaksi_agen` (`id`, `tanggal`, `agen`, `produk`, `jumlah`, `harga`, `keuntungan`, `order`) VALUES
(1, '2010-12-26 10:32:03', 1, 1, 5, '18200.0000', '31000.0000', 0),
(2, '2010-12-26 10:32:03', 1, 2, 5, '18200.0000', '31000.0000', 0),
(3, '2010-12-26 10:32:03', 1, 3, 5, '18200.0000', '31000.0000', 0),
(4, '2010-12-31 05:26:19', 1, 22, 1, '19600.0000', '8600.0000', 0),
(5, '2010-12-31 07:32:16', 2, 11, 1, '128000.0000', '65000.0000', 0),
(6, '2010-12-31 07:34:34', 2, 11, 1, '128000.0000', '65000.0000', 0),
(7, '2010-12-31 07:51:06', 1, 11, 1, '112000.0000', '49000.0000', 0),
(8, '2010-12-31 08:56:30', 2, 14, 2, '44800.0000', '37600.0000', 0),
(9, '2011-01-07 16:31:21', 1, 32, 1, '28000.0000', '13000.0000', 0),
(10, '2011-02-01 23:22:54', 2, 32, 1, '32000.0000', '17000.0000', 0),
(11, '2011-02-02 07:17:13', 2, 11, 2, '128000.0000', '130000.0000', 0),
(12, '2011-02-02 07:36:48', 2, 32, 2, '32000.0000', '34000.0000', 0),
(13, '2011-02-02 07:37:07', 1, 32, 1, '28000.0000', '13000.0000', 0),
(14, '2011-02-02 07:39:14', 1, 32, 1, '28000.0000', '13000.0000', 0),
(15, '2011-02-02 09:19:37', 2, 11, 2, '128000.0000', '130000.0000', 3),
(16, '2011-02-02 09:19:37', 2, 34, 2, '33600.0000', '36800.0000', 3),
(17, '2011-02-02 09:19:37', 2, 26, 3, '32000.0000', '51000.0000', 3),
(18, '2011-02-02 09:19:37', 2, 36, 30, '33600.0000', '549000.0000', 3),
(19, '2011-02-02 09:27:55', 1, 32, 1, '28000.0000', '13000.0000', 4),
(20, '2011-02-02 17:13:19', 1, 11, 1, '112000.0000', '49000.0000', 28),
(21, '2011-02-02 17:13:19', 1, 1, 10, '18200.0000', '62000.0000', 28),
(22, '2011-02-02 17:15:10', 2, 35, 10, '33600.0000', '184000.0000', 30),
(23, '2011-02-02 17:15:10', 2, 26, 4, '32000.0000', '68000.0000', 30),
(24, '2011-02-02 17:18:00', 1, 35, 9, '29400.0000', '127800.0000', 31),
(25, '2011-02-02 17:21:08', 1, 24, 2, '119000.0000', '114000.0000', 32),
(26, '2011-02-02 17:27:31', 1, 11, 2, '112000.0000', '98000.0000', 33),
(27, '2011-02-02 18:06:17', 1, 11, 1, '112000.0000', '49000.0000', 34);

-- --------------------------------------------------------

--
-- Table structure for table `transaksi_kehilangan`
--

CREATE TABLE IF NOT EXISTS `transaksi_kehilangan` (
  `id` int(11) NOT NULL AUTO_INCREMENT,
  `produk` int(11) NOT NULL,
  `tanggal` datetime NOT NULL,
  `jumlah` int(11) NOT NULL,
  `harga` decimal(12,4) NOT NULL,
  `kerugian` decimal(12,4) NOT NULL,
  `order` int(11) NOT NULL,
  PRIMARY KEY (`id`)
) ENGINE=MyISAM  DEFAULT CHARSET=latin1 COMMENT='Kalo konsumen, agen = 0, selainnya pake ID agen' AUTO_INCREMENT=3 ;

--
-- Dumping data for table `transaksi_kehilangan`
--

INSERT INTO `transaksi_kehilangan` (`id`, `produk`, `tanggal`, `jumlah`, `harga`, `kerugian`, `order`) VALUES
(1, 11, '2010-12-26 11:35:57', 2, '63000.0000', '126000.0000', 0),
(2, 32, '2011-02-01 18:07:05', 2, '15000.0000', '30000.0000', 0);

-- --------------------------------------------------------

--
-- Table structure for table `transaksi_konsumen`
--

CREATE TABLE IF NOT EXISTS `transaksi_konsumen` (
  `id` int(11) NOT NULL AUTO_INCREMENT,
  `tanggal` datetime NOT NULL,
  `produk` int(11) NOT NULL,
  `jumlah` int(11) NOT NULL,
  `harga` decimal(12,4) NOT NULL,
  `keuntungan` decimal(12,4) NOT NULL,
  `order` int(11) NOT NULL,
  PRIMARY KEY (`id`)
) ENGINE=MyISAM  DEFAULT CHARSET=latin1 AUTO_INCREMENT=74 ;

--
-- Dumping data for table `transaksi_konsumen`
--

INSERT INTO `transaksi_konsumen` (`id`, `tanggal`, `produk`, `jumlah`, `harga`, `keuntungan`, `order`) VALUES
(1, '2010-12-26 10:10:09', 1, 2, '26000.0000', '28000.0000', 0),
(2, '2010-12-26 10:10:09', 2, 2, '26000.0000', '28000.0000', 0),
(3, '2010-12-26 10:10:09', 3, 1, '26000.0000', '14000.0000', 0),
(4, '2010-12-26 10:10:09', 11, 2, '160000.0000', '194000.0000', 0),
(5, '2010-12-30 08:53:58', 27, 2, '42000.0000', '53200.0000', 0),
(6, '2010-12-30 08:53:58', 24, 1, '170000.0000', '108000.0000', 0),
(7, '2010-12-30 08:54:27', 27, 2, '42000.0000', '53200.0000', 0),
(8, '2010-12-30 08:54:27', 24, 1, '170000.0000', '108000.0000', 0),
(9, '2010-12-30 08:55:06', 27, 2, '42000.0000', '53200.0000', 0),
(10, '2010-12-30 08:55:06', 24, 1, '170000.0000', '108000.0000', 0),
(11, '2010-12-30 08:56:06', 27, 2, '42000.0000', '53200.0000', 0),
(12, '2010-12-30 08:56:06', 24, 1, '170000.0000', '108000.0000', 0),
(13, '2010-12-30 08:56:16', 27, 2, '42000.0000', '53200.0000', 0),
(14, '2010-12-30 08:56:16', 24, 1, '170000.0000', '108000.0000', 0),
(15, '2010-12-30 08:57:28', 27, 2, '42000.0000', '53200.0000', 0),
(16, '2010-12-30 08:57:28', 24, 1, '170000.0000', '108000.0000', 0),
(17, '2010-12-30 08:57:36', 27, 2, '42000.0000', '53200.0000', 0),
(18, '2010-12-30 08:57:36', 24, 1, '170000.0000', '108000.0000', 0),
(19, '2010-12-30 08:57:59', 27, 2, '42000.0000', '53200.0000', 0),
(20, '2010-12-30 08:57:59', 24, 1, '170000.0000', '108000.0000', 0),
(21, '2010-12-30 08:58:01', 27, 2, '42000.0000', '53200.0000', 0),
(22, '2010-12-30 08:58:01', 24, 1, '170000.0000', '108000.0000', 0),
(23, '2010-12-30 08:58:03', 27, 2, '42000.0000', '53200.0000', 0),
(24, '2010-12-30 08:58:03', 24, 1, '170000.0000', '108000.0000', 0),
(25, '2010-12-30 09:02:58', 27, 2, '42000.0000', '53200.0000', 0),
(26, '2010-12-30 09:02:58', 24, 1, '170000.0000', '108000.0000', 0),
(27, '2010-12-31 06:30:25', 11, 1, '160000.0000', '97000.0000', 0),
(28, '2010-12-31 09:13:58', 14, 2, '56000.0000', '60000.0000', 0),
(29, '2011-01-04 19:24:31', 11, 2, '160000.0000', '194000.0000', 0),
(30, '2011-01-04 19:24:31', 23, 2, '40000.0000', '50000.0000', 0),
(31, '2011-01-05 22:33:27', 32, 33, '40000.0000', '825000.0000', 0),
(32, '2011-01-07 06:32:30', 24, 1, '170000.0000', '108000.0000', 0),
(33, '2011-01-07 16:29:40', 24, 2, '170000.0000', '216000.0000', 0),
(34, '2011-01-07 16:29:40', 18, 1, '56000.0000', '30000.0000', 0),
(35, '2011-01-07 18:35:13', 32, 1, '40000.0000', '25000.0000', 0),
(36, '2011-01-07 18:35:13', 26, 2, '40000.0000', '50000.0000', 0),
(37, '2011-01-30 05:40:52', 32, 3, '40000.0000', '75000.0000', 0),
(38, '2011-01-31 07:06:10', 32, 1, '40000.0000', '25000.0000', 0),
(39, '2011-02-01 17:59:57', 32, 2, '40000.0000', '50000.0000', 0),
(40, '2011-02-01 22:03:19', 32, 1, '40000.0000', '25000.0000', 1),
(41, '2011-02-01 22:03:19', 26, 1, '40000.0000', '25000.0000', 1),
(42, '2011-02-01 22:05:15', 22, 2, '28000.0000', '34000.0000', 2),
(43, '2011-02-01 22:05:15', 23, 1, '40000.0000', '25000.0000', 2),
(44, '2011-02-02 14:01:18', 38, 10, '160000.0000', '1000000.0000', 7),
(45, '2011-02-02 14:01:46', 38, 10, '160000.0000', '1000000.0000', 8),
(46, '2011-02-02 14:04:37', 38, 10, '160000.0000', '1000000.0000', 9),
(47, '2011-02-02 14:12:01', 38, 10, '160000.0000', '1600000.0000', 10),
(48, '2011-02-02 14:33:45', 34, 10, '42000.0000', '268000.0000', 11),
(49, '2011-02-02 14:34:49', 38, 10, '160000.0000', '1600000.0000', 12),
(50, '2011-02-02 14:47:10', 38, 10, '160000.0000', '1600000.0000', 13),
(51, '2011-02-02 14:47:10', 27, 5, '42000.0000', '133000.0000', 13),
(52, '2011-02-02 14:47:58', 38, 10, '160000.0000', '1600000.0000', 14),
(53, '2011-02-02 14:47:58', 27, 5, '42000.0000', '133000.0000', 14),
(54, '2011-02-02 14:48:52', 24, 10, '170000.0000', '1080000.0000', 15),
(55, '2011-02-02 14:54:58', 27, 1, '42000.0000', '26600.0000', 16),
(56, '2011-02-02 15:02:16', 11, 5, '160000.0000', '485000.0000', 17),
(57, '2011-02-02 15:09:00', 26, 10, '40000.0000', '250000.0000', 18),
(58, '2011-02-02 15:11:09', 34, 1, '42000.0000', '26800.0000', 19),
(59, '2011-02-02 15:20:26', 22, 10, '28000.0000', '170000.0000', 20),
(60, '2011-02-02 15:20:26', 2, 2, '26000.0000', '28000.0000', 20),
(61, '2011-02-02 15:23:44', 23, 1, '40000.0000', '25000.0000', 21),
(62, '2011-02-02 15:26:50', 25, 10, '150000.0000', '870000.0000', 22),
(63, '2011-02-02 15:26:50', 23, 2, '40000.0000', '50000.0000', 22),
(64, '2011-02-02 16:50:57', 24, 2, '170000.0000', '216000.0000', 23),
(65, '2011-02-02 16:53:35', 32, 1, '40000.0000', '25000.0000', 24),
(66, '2011-02-02 16:55:02', 22, 7, '28000.0000', '119000.0000', 25),
(67, '2011-02-02 16:58:37', 27, 5, '42000.0000', '133000.0000', 26),
(68, '2011-02-02 16:58:37', 23, 1, '40000.0000', '25000.0000', 26),
(69, '2011-02-02 16:58:37', 21, 20, '40000.0000', '460000.0000', 26),
(70, '2011-02-02 16:58:37', 3, 10, '26000.0000', '140000.0000', 26),
(71, '2011-02-02 17:07:51', 23, 3, '40000.0000', '75000.0000', 27),
(72, '2011-02-02 17:14:15', 35, 10, '42000.0000', '268000.0000', 29),
(73, '2011-02-04 16:58:19', 24, 2, '170000.0000', '216000.0000', 38);

-- --------------------------------------------------------

--
-- Table structure for table `transaksi_reject`
--

CREATE TABLE IF NOT EXISTS `transaksi_reject` (
  `id` int(11) NOT NULL AUTO_INCREMENT,
  `produk` int(11) NOT NULL,
  `tanggal` datetime NOT NULL,
  `jumlah` int(11) NOT NULL,
  `harga` decimal(12,4) NOT NULL,
  `agen` int(11) NOT NULL,
  `refund` decimal(12,4) NOT NULL,
  `order` int(11) NOT NULL,
  PRIMARY KEY (`id`)
) ENGINE=MyISAM  DEFAULT CHARSET=latin1 COMMENT='Kalo konsumen, agen = 0, selainnya pake ID agen' AUTO_INCREMENT=16 ;

--
-- Dumping data for table `transaksi_reject`
--

INSERT INTO `transaksi_reject` (`id`, `produk`, `tanggal`, `jumlah`, `harga`, `agen`, `refund`, `order`) VALUES
(1, 1, '2010-12-26 11:07:40', 2, '18200.0000', 1, '18200.0000', 0),
(2, 11, '2010-12-26 11:11:38', 1, '160000.0000', 0, '160000.0000', 0),
(3, 11, '2010-12-26 11:37:57', 2, '160000.0000', 0, '320000.0000', 0),
(4, 11, '2010-12-26 11:38:53', 2, '160000.0000', 1, '320000.0000', 0),
(5, 3, '2010-12-26 11:40:07', 1, '18200.0000', 1, '18200.0000', 0),
(6, 3, '2010-12-26 11:40:36', 2, '18200.0000', 1, '36400.0000', 0),
(7, 3, '2010-12-26 16:49:07', 2, '18200.0000', 1, '36400.0000', 0),
(8, 3, '2010-12-27 06:22:33', 2, '18200.0000', 1, '36400.0000', 0),
(9, 14, '2010-12-31 08:58:06', 2, '44800.0000', 1, '89600.0000', 0),
(10, 14, '2010-12-31 09:02:30', 2, '44800.0000', 1, '89600.0000', 0),
(11, 14, '2010-12-31 09:04:11', 2, '44800.0000', 1, '89600.0000', 0),
(12, 14, '2010-12-31 09:14:52', 2, '56000.0000', 0, '112000.0000', 0),
(13, 32, '2011-01-25 06:49:54', 1, '40000.0000', 0, '40000.0000', 0),
(14, 27, '2011-02-04 17:08:37', 1, '9.0000', 0, '-15391.0000', 39),
(15, 23, '2011-02-04 17:23:59', 1, '10000.0000', 2, '10000.0000', 42);

-- --------------------------------------------------------

--
-- Table structure for table `transaksi_retur`
--

CREATE TABLE IF NOT EXISTS `transaksi_retur` (
  `id` int(11) NOT NULL AUTO_INCREMENT,
  `produk` int(11) NOT NULL,
  `tanggal` datetime NOT NULL,
  `jumlah` int(11) NOT NULL,
  `harga` decimal(12,4) NOT NULL,
  `agen` int(11) NOT NULL,
  `refund` decimal(12,4) NOT NULL,
  `order` int(11) NOT NULL,
  PRIMARY KEY (`id`)
) ENGINE=MyISAM  DEFAULT CHARSET=latin1 COMMENT='Kalo konsumen, agen = 0, selainnya pake ID agen' AUTO_INCREMENT=12 ;

--
-- Dumping data for table `transaksi_retur`
--

INSERT INTO `transaksi_retur` (`id`, `produk`, `tanggal`, `jumlah`, `harga`, `agen`, `refund`, `order`) VALUES
(1, 1, '2010-12-26 10:13:26', 2, '26000.0000', 0, '28000.0000', 0),
(2, 2, '2010-12-26 10:16:03', 2, '26000.0000', 0, '28000.0000', 0),
(3, 1, '2010-12-26 10:52:35', 2, '18200.0000', 1, '12400.0000', 0),
(4, 11, '2010-12-31 06:40:03', 1, '160000.0000', 0, '97000.0000', 0),
(5, 11, '2010-12-31 07:45:20', 1, '128000.0000', 2, '65000.0000', 0),
(6, 9, '2011-01-07 16:46:04', 2, '150000.0000', 0, '180000.0000', 0),
(7, 35, '2011-02-04 16:51:48', 10, '10000.0000', 0, '-52000.0000', 35),
(8, 22, '2011-02-04 16:55:07', 40, '20000.0000', 0, '360000.0000', 36),
(9, 16, '2011-02-04 16:57:28', 10, '30000.0000', 0, '40000.0000', 37),
(10, 24, '2011-02-04 17:20:30', 2, '10000.0000', 1, '-104000.0000', 40),
(11, 23, '2011-02-04 17:21:17', 2, '8.0000', 2, '16.0000', 41);

-- --------------------------------------------------------

--
-- Table structure for table `ukuran`
--

CREATE TABLE IF NOT EXISTS `ukuran` (
  `id` int(11) NOT NULL AUTO_INCREMENT,
  `nama` varchar(10) NOT NULL,
  `keterangan` tinytext NOT NULL,
  PRIMARY KEY (`id`)
) ENGINE=MyISAM  DEFAULT CHARSET=latin1 AUTO_INCREMENT=7 ;

--
-- Dumping data for table `ukuran`
--

INSERT INTO `ukuran` (`id`, `nama`, `keterangan`) VALUES
(1, 'SS', 'ukuran yang kecil'),
(2, 'S', 'lumayan kecil'),
(3, 'M', 'Muat'),
(4, 'L', 'Lebar'),
(5, 'XL', 'Ekstra Lebar'),
(6, 'XXL', 'Ekstra dari ekstra lebar');

-- --------------------------------------------------------

--
-- Table structure for table `warna`
--

CREATE TABLE IF NOT EXISTS `warna` (
  `id` int(11) NOT NULL AUTO_INCREMENT,
  `nama` varchar(100) NOT NULL,
  `keterangan` tinytext NOT NULL,
  PRIMARY KEY (`id`)
) ENGINE=MyISAM  DEFAULT CHARSET=latin1 AUTO_INCREMENT=6 ;

--
-- Dumping data for table `warna`
--

INSERT INTO `warna` (`id`, `nama`, `keterangan`) VALUES
(1, 'Merah', 'Merah membara'),
(2, 'Hitam', 'Hitam'),
(3, 'Biru', 'Biru langit'),
(4, 'Pink', 'Merah Muda'),
(5, 'Silver Light', '');
